5dea8de5-2064-4006-a1f8-dca8bc5136e2|krsiloemr_tblpatient|PatientId: 2890, PatientMRNNo: 1308, PatientName: Rachel Smith, DateOfBirth: 19530711, Age: 65, Gender: F, SymptomsAndSigns: 1, ClinicalHistory: 1, PhysicalExam: 1, ECG: 1, NTproBNP: 966.79926, BNP: 0.0, LVEF: 51.7104, LAVI: 21.930672, Ee: 11.461458, eSeptal: 7.1240954, LongitudinalStrain: 16.55048, TRV: 2.7828834, EncounterDate: 20180825|d47f380d-3152-4a2c-af05-d62d40c0d20c
7475a9d8-ef06-4efc-9260-dea1e49777b4|krsiloemr_tblpatient|PatientId: 2891, PatientMRNNo: 5455, PatientName: Rachel Smith, DateOfBirth: 19530711, Age: 65, Gender: F, SymptomsAndSigns: 1, ClinicalHistory: 0, PhysicalExam: 1, ECG: 0, NTproBNP: 1638.0803, BNP: 0.0, LVEF: 48.955822, LAVI: 20.493683, Ee: 20.748722, eSeptal: 10.5459795, LongitudinalStrain: 17.310324, TRV: 3.274602, EncounterDate: 20180825|2343af7b-48e5-40b8-b22b-5f6c0f42443c
02dbb772-1977-460b-b89c-a333a4ea1ce6|krsiloemr_tblpatient|PatientId: 2892, PatientMRNNo: 3928, PatientName: Rachel Smith, DateOfBirth: 19530711, Age: 65, Gender: F, SymptomsAndSigns: 0, ClinicalHistory: 1, PhysicalExam: 1, ECG: 1, NTproBNP: 590.47266, BNP: 0.0, LVEF: 56.848595, LAVI: 52.964188, Ee: 20.168638, eSeptal: 8.771359, LongitudinalStrain: 19.065592, TRV: 4.451431, EncounterDate: 20180825|2e8bfef1-2eec-4ef0-ba85-d34704c873b3
96337974-ed73-4efb-9667-cc08686b6ca8|krsiloemr_tblpatient|PatientId: 2893, PatientMRNNo: 1132, PatientName: Rachel Smith, DateOfBirth: 19530711, Age: 65, Gender: F, SymptomsAndSigns: 1, ClinicalHistory: 0, PhysicalExam: 1, ECG: 0, NTproBNP: 1375.0402, BNP: 0.0, LVEF: 62.91947, LAVI: 40.894928, Ee: 14.246682, eSeptal: 9.984045, LongitudinalStrain: 10.06948, TRV: 3.3252454, EncounterDate: 20180825|c39c6b4e-f578-4478-a2ae-8ceb0bf29c2f
3c8cd572-91e2-4206-9d99-0f5a60947bb5|krsiloemr_tblpatient|PatientId: 2894, PatientMRNNo: 3259, PatientName: Rachel Smith, DateOfBirth: 19530711, Age: 65, Gender: F, SymptomsAndSigns: 1, ClinicalHistory: 1, PhysicalExam: 0, ECG: 1, NTproBNP: 1787.29, BNP: 0.0, LVEF: 65.29475, LAVI: 61.65522, Ee: 12.57605, eSeptal: 11.331793, LongitudinalStrain: 19.977077, TRV: 4.990312, EncounterDate: 20180825|6f00f6a5-b94d-43a8-b394-1ee25c976469
d1c3b4f7-ff47-4dbd-a1dc-3cf2fa0db1fb|krsiloemr_tblpatient|PatientId: 2895, PatientMRNNo: 7185, PatientName: Rachel Smith, DateOfBirth: 19530711, Age: 65, Gender: F, SymptomsAndSigns: 0, ClinicalHistory: 1, PhysicalExam: 1, ECG: 1, NTproBNP: 1775.6503, BNP: 0.0, LVEF: 56.342968, LAVI: 21.418072, Ee: 18.299643, eSeptal: 6.916769, LongitudinalStrain: 11.013333, TRV: 3.1939354, EncounterDate: 20180825|69836f8f-f75e-480e-b1e1-d5b8f4c2cee1
62154ca7-6954-4804-9c27-ac2a353cbd64|krsiloemr_tblpatient|PatientId: 2896, PatientMRNNo: 1528, PatientName: Rachel Smith, DateOfBirth: 19530711, Age: 65, Gender: F, SymptomsAndSigns: 0, ClinicalHistory: 0, PhysicalExam: 1, ECG: 1, NTproBNP: 968.7519, BNP: 0.0, LVEF: 59.36506, LAVI: 16.596182, Ee: 7.5372195, eSeptal: 11.140009, LongitudinalStrain: 19.822872, TRV: 4.7345343, EncounterDate: 20180825|8569121f-705b-4588-b4eb-ac93b9a99557
e9035360-42da-4557-b5c0-131d58a35038|krsiloemr_tblpatient|PatientId: 2897, PatientMRNNo: 8604, PatientName: Rachel Smith, DateOfBirth: 19530711, Age: 65, Gender: F, SymptomsAndSigns: 1, ClinicalHistory: 1, PhysicalExam: 0, ECG: 1, NTproBNP: 1919.2328, BNP: 0.0, LVEF: 48.124504, LAVI: 95.35037, Ee: 16.07267, eSeptal: 4.872559, LongitudinalStrain: 11.739038, TRV: 3.344638, EncounterDate: 20180825|07a816a5-b2be-45a0-b36e-507e52016c61
cfdbb285-9823-4243-b941-d41fa29c594d|krsiloemr_tblpatient|PatientId: 2898, PatientMRNNo: 6436, PatientName: Rachel Smith, DateOfBirth: 19530711, Age: 65, Gender: F, SymptomsAndSigns: 0, ClinicalHistory: 0, PhysicalExam: 1, ECG: 1, NTproBNP: 1667.119, BNP: 0.0, LVEF: 35.861694, LAVI: 100.52407, Ee: 15.425638, eSeptal: 6.015792, LongitudinalStrain: 17.1166, TRV: 4.5696473, EncounterDate: 20180825|d33d8fea-29c0-4a48-bf3a-f699b4dba043
7a06fe8c-47bd-4d46-adfc-12791f884100|krsiloemr_tblpatient|PatientId: 2899, PatientMRNNo: 5950, PatientName: Rachel Smith, DateOfBirth: 19530711, Age: 65, Gender: F, SymptomsAndSigns: 1, ClinicalHistory: 1, PhysicalExam: 0, ECG: 0, NTproBNP: 1003.72784, BNP: 0.0, LVEF: 68.67312, LAVI: 69.706955, Ee: 13.47512, eSeptal: 10.118259, LongitudinalStrain: 14.87976, TRV: 3.0624948, EncounterDate: 20180825|1e8c60c3-6f9c-4f4d-8e68-dc15b9c25e71
1d61f5b4-b9c4-41af-94bb-7d5365b6264a|openemr_patientdata|pid: 2890, title: Ms., language;: Turkmen, financial;: , fname: Rachel, lname: Smith, mname: Gary, DOB: 19530711, street: , postal_code: 95559, city: , state: , country: Philippines, country_code: 56543, drivers_license: 891631718, ss: 286588267, occupation: Worker, phone_home: 01024914545, phone_cell: 7637723318, status: married, date: 20180825, sex: female, email: mbicn6218@oslab.khu.ac.kr, race: Middle East, monthly_income: 49000, phone_home: 01024914545, drivers_license: 891631718, billing_note: , pubid: iqgb782|005f39be-3528-4dd0-99e7-144737f88e5c
c0a40048-dc21-414c-8721-b007523ee728|openemr_patientdata|pid: 2891, title: Ms., language;: French, financial;: , fname: Rachel, lname: Smith, mname: Lia, DOB: 19530711, street: , postal_code: 23866, city: , state: , country: Vietnam, country_code: 19966, drivers_license: 472726823, ss: 532645912, occupation: Jobless, phone_home: 01094743258, phone_cell: 9531831661, status: married, date: 20180825, sex: female, email: dzjjx7486@khu.ac.kr, race: East Asian, monthly_income: 77000, phone_home: 01094743258, drivers_license: 472726823, billing_note: , pubid: urgb4117|97c851b6-9f65-4cf0-800c-5d7c35982402
7036d371-8555-4fba-81f1-861a99227809|openemr_patientdata|pid: 2892, title: Ms., language;: Turkmen, financial;: , fname: Rachel, lname: Smith, mname: Emma, DOB: 19530711, street: , postal_code: 61152, city: , state: , country: North Korea, country_code: 34377, drivers_license: 896831284, ss: 884974614, occupation: Jobless, phone_home: 01055594113, phone_cell: 9447999963, status: married, date: 20180825, sex: female, email: sxfhd5715@oslab.khu.ac.kr, race: East South Asian, monthly_income: 39000, phone_home: 01055594113, drivers_license: 896831284, billing_note: , pubid: ciem1972|0d72a087-406d-4a2d-b6b1-1656e5d7ca08
10629604-d63c-4f58-bbf8-965260d77154|openemr_patientdata|pid: 2893, title: Ms., language;: Persian, financial;: , fname: Rachel, lname: Smith, mname: , DOB: 19530711, street: , postal_code: 71997, city: , state: , country: South Korea, country_code: 46956, drivers_license: 854876989, ss: 888461314, occupation: Worker, phone_home: 01015578781, phone_cell: 1952582222, status: married, date: 20180825, sex: female, email: gxxp236@khu.ac.kr, race: Black, monthly_income: 75000, phone_home: 01015578781, drivers_license: 854876989, billing_note: , pubid: ntvl1445|ab2a91a6-7ae5-4cbe-ad62-ffa2d62d6b80
d130fd9d-5555-44d0-a948-df3a96fa2020|openemr_patientdata|pid: 2894, title: Ms., language;: Japanese, financial;: , fname: Rachel, lname: Smith, mname: Jamey, DOB: 19530711, street: , postal_code: 14412, city: , state: , country: Italy, country_code: 64397, drivers_license: 272865965, ss: 693587268, occupation: Jobless, phone_home: 01033111656, phone_cell: 3489241441, status: married, date: 20180825, sex: female, email: wmmc7143@hanmail.net, race: Hispanic, monthly_income: 83000, phone_home: 01033111656, drivers_license: 272865965, billing_note: , pubid: ovfwl176|0947f6a2-5d7b-4cfe-9c03-a6d3c27172dd
0a7dd627-6c06-4074-8635-5c302b7ef020|openemr_patientdata|pid: 2895, title: Ms., language;: Japanese, financial;: , fname: Rachel, lname: Smith, mname: , DOB: 19530711, street: , postal_code: 12299, city: , state: , country: Malaysia, country_code: 81427, drivers_license: 981728963, ss: 932591593, occupation: Student, phone_home: 01067813337, phone_cell: 1845887512, status: married, date: 20180825, sex: female, email: cwlqr4267@hanmail.net, race: East Asian, monthly_income: 91000, phone_home: 01067813337, drivers_license: 981728963, billing_note: , pubid: oyqw1942|fed2066b-b7d8-4c5e-9064-8b68d8a0928b
1303c088-b8e9-40d6-9dcd-e554d2851577|openemr_patientdata|pid: 2896, title: Ms., language;: English, financial;: , fname: Rachel, lname: Smith, mname: Ann, DOB: 19530711, street: , postal_code: 21747, city: , state: , country: Iceland, country_code: 34454, drivers_license: 384885397, ss: 628492836, occupation: Student, phone_home: 01016166744, phone_cell: 8573225834, status: married, date: 20180825, sex: female, email: qiln5724@hanmail.net, race: Middle East, monthly_income: 35000, phone_home: 01016166744, drivers_license: 384885397, billing_note: , pubid: vxcu4563|5ce0e243-8836-4217-b04b-ff01dba66a55
84fc507e-86c8-43c8-ab5a-db3121e99682|openemr_patientdata|pid: 2897, title: Ms., language;: Persian, financial;: , fname: Rachel, lname: Smith, mname: Kris, DOB: 19530711, street: , postal_code: 85958, city: , state: , country: Greece, country_code: 11946, drivers_license: 479367423, ss: 881853656, occupation: Worker, phone_home: 01024359569, phone_cell: 6288743432, status: married, date: 20180825, sex: female, email: vgjqy2285@hanmail.net, race: Black, monthly_income: 16000, phone_home: 01024359569, drivers_license: 479367423, billing_note: , pubid: iusu4728|aeed59e9-afd7-4e4b-a042-c27f8b982efb
2248a45c-7c1f-418e-9643-2ae04ee245a3|openemr_patientdata|pid: 2898, title: Mrs., language;: Chinese, financial;: , fname: Rachel, lname: Smith, mname: , DOB: 19530711, street: , postal_code: 34486, city: , state: , country: Philippines, country_code: 75955, drivers_license: 358383363, ss: 661277731, occupation: Student, phone_home: 01044351128, phone_cell: 8191987491, status: unmarried, date: 20180825, sex: female, email: svujq532@oslab.khu.ac.kr, race: Hispanic, monthly_income: 45000, phone_home: 01044351128, drivers_license: 358383363, billing_note: , pubid: ytou914|dee3c612-10ac-406e-b043-2787e968f66d
c1ce4d89-1869-4164-9e15-297b1ac8bc33|openemr_patientdata|pid: 2899, title: Ms., language;: French, financial;: , fname: Rachel, lname: Smith, mname: , DOB: 19530711, street: , postal_code: 54984, city: , state: , country: Ireland, country_code: 97563, drivers_license: 717996154, ss: 328279332, occupation: Student, phone_home: 01088823854, phone_cell: 7733943733, status: married, date: 20180825, sex: female, email: rdyeu1328@oslab.khu.ac.kr, race: Hispanic, monthly_income: 92000, phone_home: 01088823854, drivers_license: 717996154, billing_note: , pubid: zdjb471|58e5ad2c-737a-405e-bfd9-95cb98077512
